,pitch_type,game_date,release_speed,release_pos_x,release_pos_z,player_name,batter,pitcher,events,description,spin_dir,spin_rate_deprecated,break_angle_deprecated,break_length_deprecated,zone,des,game_type,stand,p_throws,home_team,away_team,type,hit_location,bb_type,balls,strikes,game_year,pfx_x,pfx_z,plate_x,plate_z,on_3b,on_2b,on_1b,outs_when_up,inning,inning_topbot,hc_x,hc_y,tfs_deprecated,tfs_zulu_deprecated,umpire,sv_id,vx0,vy0,vz0,ax,ay,az,sz_top,sz_bot,hit_distance_sc,launch_speed,launch_angle,effective_speed,release_spin_rate,release_extension,game_pk,fielder_2,fielder_3,fielder_4,fielder_5,fielder_6,fielder_7,fielder_8,fielder_9,release_pos_y,estimated_ba_using_speedangle,estimated_woba_using_speedangle,woba_value,woba_denom,babip_value,iso_value,launch_speed_angle,at_bat_number,pitch_number,pitch_name,home_score,away_score,bat_score,fld_score,post_away_score,post_home_score,post_bat_score,post_fld_score,if_fielding_alignment,of_fielding_alignment,spin_axis,delta_home_win_exp,delta_run_exp,bat_speed,swing_length,estimated_slg_using_speedangle,delta_pitcher_run_exp,hyper_speed,home_score_diff,bat_score_diff,home_win_exp,bat_win_exp,age_pit_legacy,age_bat_legacy,age_pit,age_bat,n_thruorder_pitcher,n_priorpa_thisgame_player_at_bat,pitcher_days_since_prev_game,batter_days_since_prev_game,pitcher_days_until_next_game,batter_days_until_next_game,api_break_z_with_gravity,api_break_x_arm,api_break_x_batter_in,arm_angle
0,SL,2025-04-01,79.0,3.12,4.7,"Ohtani, Shohei",660271,519242,single,hit_into_play,,,,,7,Shohei Ohtani singles on a line drive to right fielder Jarred Kelenic.,R,L,L,LAD,ATL,X,9.0,line_drive,0,2,2025,-1.23,-0.5,-0.34,1.84,,,,0,6,Bot,186.56,104.74,,,,,-5.259052224651367,-115.01935458882686,1.4966373132275448,-9.930581840750763,21.283336144528967,-37.13560458936151,3.38,1.62,191.0,86.5,12.0,79.3,2369,6.4,778487,686948,621566,645277,663586,669397,650559,671739,672284,54.06,0.666,0.633,0.9,1.0,1.0,0.0,4.0,42,3,Slider,0,1,0,1,1,0,0,1,Infield shade,Standard,307,0.064,0.539,69.8,8.2,0.747,-0.539,88.0,-1,-1,0.387,0.387,36,30,36,31,3,2,,,,,4.15,-1.23,-1.23,
1,CH,2025-04-01,84.3,3.22,4.43,"Ohtani, Shohei",660271,519242,,foul,,,,,6,Shohei Ohtani singles on a line drive to right fielder Jarred Kelenic.,R,L,L,LAD,ATL,S,,,0,1,2025,1.21,-0.33,0.37,2.46,,,,0,6,Bot,,,,,,,-9.052956502162422,-122.5186517197497,2.427579766336237,13.897692567075737,22.349302718393627,-36.16568619837628,3.38,1.62,,,,84.7,1624,6.4,778487,686948,621566,645277,663586,669397,650559,671739,672284,54.08,,,,,,,,42,2,Changeup,0,1,0,1,1,0,0,1,Infield shade,Standard,85,0.0,-0.054,80.6,8.3,,0.054,,-1,-1,0.387,0.387,36,30,36,31,3,2,,,,,3.52,1.21,1.21,
2,SI,2025-04-01,93.1,3.16,4.55,"Ohtani, Shohei",660271,519242,,called_strike,,,,,8,Shohei Ohtani singles on a line drive to right fielder Jarred Kelenic.,R,L,L,LAD,ATL,S,,,0,0,2025,1.29,0.19,0.11,1.6,,,,0,6,Bot,,,,,,,-10.729274147932465,-135.31406358503116,-2.253190046524862,18.0906797247033,26.38518546041759,-29.558914339313286,3.38,1.62,,,,94.0,2100,6.7,778487,686948,621566,645277,663586,669397,650559,671739,672284,53.83,,,,,,,,42,1,Sinker,0,1,0,1,1,0,0,1,Infield shade,Standard,109,0.0,-0.037,,,,0.037,,-1,-1,0.387,0.387,36,30,36,31,3,2,,,,,2.42,1.29,1.29,
3,FF,2025-04-01,95.7,3.08,4.81,"Ohtani, Shohei",660271,519242,field_out,hit_into_play,,,,,6,"Shohei Ohtani grounds out sharply, shortstop Nick Allen to first baseman Matt Olson.",R,L,L,LAD,ATL,X,6.0,ground_ball,3,2,2025,1.08,0.6,0.34,2.79,,,,1,3,Bot,121.61,138.66,,,,,-9.676489229522671,-139.0761636453624,-1.0904637868487046,16.059662116941514,28.882707388398032,-24.283655874304237,3.38,1.62,55.0,103.8,0.0,96.3,2264,6.5,778487,686948,621566,645277,663586,669397,650559,671739,672284,53.96,0.426,0.387,0.0,1.0,0.0,0.0,4.0,21,8,4-Seam Fastball,0,1,0,1,1,0,0,1,Infield shade,Standard,114,-0.019,-0.332,72.3,7.2,0.471,0.332,103.8,-1,-1,0.403,0.403,36,30,36,31,2,1,,,,,1.88,1.08,1.08,
4,SL,2025-04-01,76.0,3.11,4.71,"Ohtani, Shohei",660271,519242,,foul,,,,,8,"Shohei Ohtani grounds out sharply, shortstop Nick Allen to first baseman Matt Olson.",R,L,L,LAD,ATL,S,,,3,2,2025,-0.86,-0.46,0.06,1.7,,,,1,3,Bot,,,,,,,-4.845941587893253,-110.57835723985114,1.5970204490190028,-6.178587325530837,19.81215252311743,-36.46933085454484,3.38,1.62,6.0,65.0,-18.0,76.1,2093,6.4,778487,686948,621566,645277,663586,669397,650559,671739,672284,54.12,,,,,,,,21,7,Slider,0,1,0,1,1,0,0,1,Infield shade,Standard,311,0.0,0.0,72.8,8.8,,0.0,88.0,-1,-1,0.403,0.403,36,30,36,31,2,1,,,,,4.41,-0.86,-0.86,
5,CH,2025-04-01,86.3,2.97,4.5,"Ohtani, Shohei",660271,519242,,ball,,,,,13,"Shohei Ohtani grounds out sharply, shortstop Nick Allen to first baseman Matt Olson.",R,L,L,LAD,ATL,B,,,2,2,2025,1.2,0.02,-2.53,1.12,,,,1,3,Bot,,,,,,,-15.491438045087657,-124.77571055992225,-1.8123288797669528,15.556846765513246,23.544558743851585,-31.8116493497024,3.38,1.62,,,,86.3,1748,6.5,778487,686948,621566,645277,663586,669397,650559,671739,672284,54.0,,,,,,,,21,6,Changeup,0,1,0,1,1,0,0,1,Infield shade,Standard,93,0.0,0.108,,,,-0.108,,-1,-1,0.403,0.403,36,30,36,31,2,1,,,,,3.07,1.2,1.2,
6,SL,2025-04-01,79.1,3.0,4.81,"Ohtani, Shohei",660271,519242,,foul,,,,,12,"Shohei Ohtani grounds out sharply, shortstop Nick Allen to first baseman Matt Olson.",R,L,L,LAD,ATL,S,,,2,2,2025,-0.79,-0.05,1.19,3.12,,,,1,3,Bot,,,,,,,-2.488194475029452,-115.14884834890798,3.223000870515504,-6.58442655891034,21.194369267691048,-33.4470834358759,3.38,1.62,23.0,84.7,-6.0,79.4,2302,6.5,778487,686948,621566,645277,663586,669397,650559,671739,672284,54.01,,,,,,,,21,5,Slider,0,1,0,1,1,0,0,1,Infield shade,Standard,293,0.0,0.0,79.4,7.8,,0.0,88.0,-1,-1,0.403,0.403,36,30,36,31,2,1,,,,,3.69,-0.79,-0.79,
7,FF,2025-04-01,95.3,3.0,4.96,"Ohtani, Shohei",660271,519242,,ball,,,,,11,"Shohei Ohtani grounds out sharply, shortstop Nick Allen to first baseman Matt Olson.",R,L,L,LAD,ATL,B,,,1,2,2025,1.13,0.88,-0.85,3.65,,,,1,3,Bot,,,,,,,-12.663295197843087,-138.32735466216852,0.2006368109099241,17.094785573326746,27.251841782792155,-20.990764311473008,3.38,1.62,,,,96.0,2246,6.6,778487,686948,621566,645277,663586,669397,650559,671739,672284,53.93,,,,,,,,21,4,4-Seam Fastball,0,1,0,1,1,0,0,1,Infield shade,Standard,116,0.0,0.043,,,,-0.043,,-1,-1,0.403,0.403,36,30,36,31,2,1,,,,,1.62,1.13,1.13,
8,SL,2025-04-01,79.1,2.94,4.71,"Ohtani, Shohei",660271,519242,,ball,,,,,13,"Shohei Ohtani grounds out sharply, shortstop Nick Allen to first baseman Matt Olson.",R,L,L,LAD,ATL,B,,,0,2,2025,-0.98,-0.23,-0.81,1.16,,,,1,3,Bot,,,,,,,-6.360772741283195,-115.09968680167104,-0.5051650655080394,-7.482936423666486,21.52755357301788,-34.30226984167602,3.38,1.62,,,,79.3,2380,6.4,778487,686948,621566,645277,663586,669397,650559,671739,672284,54.07,,,,,,,,21,3,Slider,0,1,0,1,1,0,0,1,Infield shade,Standard,314,0.0,0.02,,,,-0.02,,-1,-1,0.403,0.403,36,30,36,31,2,1,,,,,3.87,-0.98,-0.98,
9,SL,2025-04-01,76.9,3.08,4.76,"Ohtani, Shohei",660271,519242,,swinging_strike,,,,,12,"Shohei Ohtani grounds out sharply, shortstop Nick Allen to first baseman Matt Olson.",R,L,L,LAD,ATL,S,,,0,1,2025,-0.65,-0.28,0.89,2.65,,,,1,3,Bot,,,,,,,-3.471276743397658,-111.8830037549398,2.993298084750493,-4.855170929471527,19.12428100720692,-35.25014577683038,3.38,1.62,,,,77.2,2065,6.4,778487,686948,621566,645277,663586,669397,650559,671739,672284,54.11,,,,,,,,21,2,Slider,0,1,0,1,1,0,0,1,Infield shade,Standard,305,0.0,-0.057,78.8,8.1,,0.057,,-1,-1,0.403,0.403,36,30,36,31,2,1,,,,,4.12,-0.65,-0.65,
10,SL,2025-04-01,74.3,3.12,4.74,"Ohtani, Shohei",660271,519242,,called_strike,,,,,9,"Shohei Ohtani grounds out sharply, shortstop Nick Allen to first baseman Matt Olson.",R,L,L,LAD,ATL,S,,,0,0,2025,-1.27,-0.37,0.43,1.78,,,,1,3,Bot,,,,,,,-3.2923280877254264,-108.13510244453995,1.766083338859508,-9.44810475700247,18.0476063175876,-35.5719915429501,3.38,1.62,,,,74.5,2012,6.3,778487,686948,621566,645277,663586,669397,650559,671739,672284,54.2,,,,,,,,21,1,Slider,0,1,0,1,1,0,0,1,Infield shade,Standard,303,0.0,-0.037,,,,0.037,,-1,-1,0.403,0.403,36,30,36,31,2,1,,,,,4.48,-1.27,-1.27,
11,FF,2025-04-01,94.2,1.48,6.47,"Ohtani, Shohei",660271,669276,field_out,hit_into_play,,,,,4,"Shohei Ohtani grounds out, second baseman Ozzie Albies to first baseman Matt Olson.",R,L,L,LAD,ATL,X,4.0,ground_ball,0,0,2025,0.36,1.63,-0.7,2.79,,,,2,7,Bot,137.88,139.96,,,,,-6.466168282711497,-136.98683039237875,-7.52768896533348,5.9148284811116,28.42422150718531,-10.092972543102238,3.38,1.62,28.0,95.9,-4.0,94.5,2160,6.4,778487,686948,621566,645277,663586,669397,650559,671739,642201,54.14,0.323,0.314,0.0,1.0,0.0,0.0,2.0,54,1,4-Seam Fastball,3,1,3,1,1,3,3,1,Infield shade,Standard,158,-0.006,-0.256,73.0,8.2,0.373,0.256,95.9,2,2,0.876,0.876,30,30,31,31,1,3,,,,,0.92,0.36,0.36,
12,CH,2025-04-01,91.6,3.04,4.61,"Ohtani, Shohei",660271,519242,field_out,hit_into_play,,,,,5,"Shohei Ohtani grounds out sharply, second baseman Ozzie Albies to first baseman Matt Olson.",R,L,L,LAD,ATL,X,4.0,ground_ball,0,1,2025,1.27,0.15,0.13,2.75,,,,0,1,Bot,150.53,145.27,,,,,-10.09557876045216,-133.0552355833725,0.8317408244460973,17.179436737275186,26.378432256725247,-30.80190574127596,3.38,1.62,14.0,100.0,-10.0,92.0,2012,6.4,778487,686948,621566,645277,663586,669397,650559,671739,672284,54.06,0.274,0.263,0.0,1.0,0.0,0.0,2.0,4,2,Changeup,0,0,0,0,0,0,0,0,Infield shade,Strategic,111,-0.021,-0.217,76.9,7.8,0.305,0.217,100.0,0,0,0.547,0.547,36,30,36,31,1,0,,,,,2.56,1.27,1.27,
13,SI,2025-04-01,92.3,2.97,4.71,"Ohtani, Shohei",660271,519242,,called_strike,,,,,8,"Shohei Ohtani grounds out sharply, second baseman Ozzie Albies to first baseman Matt Olson.",R,L,L,LAD,ATL,S,,,0,0,2025,1.33,0.04,-0.24,1.6,,,,0,1,Bot,,,,,,,-11.041776342646084,-134.02671794953517,-2.14431093441003,18.361372154816973,28.35667119609621,-31.46733976706389,3.38,1.62,,,,92.3,1994,6.4,778487,686948,621566,645277,663586,669397,650559,671739,672284,54.13,,,,,,,,4,1,Sinker,0,0,0,0,0,0,0,0,Infield shade,Strategic,111,0.0,-0.037,,,,0.037,,0,0,0.547,0.547,36,30,36,31,1,0,,,,,2.65,1.33,1.33,
14,CU,2025-03-31,81.8,-2.34,6.0,"Ohtani, Shohei",660271,656550,strikeout,foul_tip,,,,,11,Shohei Ohtani strikes out on a foul tip.,R,L,R,LAD,ATL,S,2.0,,1,2,2025,0.35,-1.12,-0.87,2.59,,,,2,4,Bot,,,,,,,2.638039901158984,-119.0560501302377,1.071572183786194,2.796090969517512,24.353112956108617,-43.261231690287325,3.36,1.6,,,,81.1,2836,6.0,778500,686948,621566,645277,663586,606115,650559,671739,672284,54.54,,0.0,0.0,1.0,0.0,0.0,,34,4,Curveball,4,0,4,0,0,4,4,0,Infield shade,Standard,40,-0.003,-0.18,71.0,8.0,,0.18,,4,4,0.908,0.908,29,30,29,31,3,2,4.0,2.0,,,4.55,-0.35,0.35,42.8
15,CU,2025-03-31,81.0,-2.56,5.89,"Ohtani, Shohei",660271,656550,,foul,,,,,11,Shohei Ohtani strikes out on a foul tip.,R,L,R,LAD,ATL,S,,,1,1,2025,0.54,-1.07,-1.02,2.7,,,,2,4,Bot,,,,,,,2.3785351640678263,-117.9602767444394,1.512506493040251,4.565885368014418,22.809991116525485,-42.62786408652569,3.36,1.6,,,,80.2,2781,5.7,778500,686948,621566,645277,663586,606115,650559,671739,672284,54.76,,,,,,,,34,3,Curveball,4,0,4,0,0,4,4,0,Infield shade,Standard,42,0.0,-0.064,73.3,8.4,,0.064,,4,4,0.908,0.908,29,30,29,31,3,2,4.0,2.0,,,4.54,-0.54,0.54,39.9
16,FF,2025-03-31,93.8,-2.55,5.79,"Ohtani, Shohei",660271,656550,,ball,,,,,11,Shohei Ohtani strikes out on a foul tip.,R,L,R,LAD,ATL,B,,,0,1,2025,-0.09,0.99,-0.41,4.25,,,,2,4,Bot,,,,,,,5.688898791889738,-136.56486074823331,-0.4605221174186548,-2.3246455743172056,29.10165600852736,-19.863030798808904,3.38,1.69,,,,93.1,2288,5.8,778500,686948,621566,645277,663586,606115,650559,671739,672284,54.74,,,,,,,,34,2,4-Seam Fastball,4,0,4,0,0,4,4,0,Infield shade,Standard,207,0.0,0.029,,,,-0.029,,4,4,0.908,0.908,29,30,29,31,3,2,4.0,2.0,,,1.59,0.09,-0.09,36.0
17,FF,2025-03-31,93.9,-2.43,5.74,"Ohtani, Shohei",660271,656550,,called_strike,,,,,4,Shohei Ohtani strikes out on a foul tip.,R,L,R,LAD,ATL,S,,,0,0,2025,-0.16,1.19,-0.55,2.51,,,,2,4,Bot,,,,,,,5.145979816199256,-136.5980572930819,-5.233835738975497,-3.110899844081669,29.656372019596503,-16.346623080399876,3.43,1.68,,,,93.0,2273,5.8,778500,686948,621566,645277,663586,606115,650559,671739,672284,54.73,,,,,,,,34,1,4-Seam Fastball,4,0,4,0,0,4,4,0,Infield shade,Standard,214,0.0,-0.041,,,,0.041,,4,4,0.908,0.908,29,30,29,31,3,2,4.0,2.0,,,1.4,0.16,-0.16,37.6
18,CU,2025-03-31,83.1,-2.41,5.83,"Ohtani, Shohei",660271,656550,strikeout,swinging_strike_blocked,,,,,13,"Shohei Ohtani strikes out swinging, catcher Drake Baldwin to first baseman Matt Olson.",R,L,R,LAD,ATL,S,2.0,,0,2,2025,0.25,-0.99,-0.7,0.78,,,,0,3,Bot,,,,,,,3.3897383707345594,-121.0108888528308,-3.1444079739194417,1.807444672182301,24.448918818485463,-41.430777333823336,3.36,1.6,,,,82.4,2870,5.9,778500,686948,621566,645277,663586,606115,650559,671739,672284,54.62,,0.0,0.0,1.0,0.0,0.0,,21,3,Curveball,2,0,2,0,0,2,2,0,Infield shade,Standard,31,-0.015,-0.163,34.3,7.7,,0.163,,2,2,0.772,0.772,29,30,29,31,2,1,4.0,2.0,,,4.29,-0.25,0.25,40.8
19,CU,2025-03-31,82.4,-2.52,5.84,"Ohtani, Shohei",660271,656550,,swinging_strike,,,,,13,"Shohei Ohtani strikes out swinging, catcher Drake Baldwin to first baseman Matt Olson.",R,L,R,LAD,ATL,S,,,0,1,2025,0.24,-0.86,-0.73,1.21,,,,0,3,Bot,,,,,,,3.560557700957389,-119.95865920737222,-2.314495176619953,1.5632258417716387,23.9872841032737,-40.2332698805516,3.36,1.6,,,,81.7,2920,5.8,778500,686948,621566,645277,663586,606115,650559,671739,672284,54.66,,,,,,,,21,2,Curveball,2,0,2,0,0,2,2,0,Infield shade,Standard,30,0.0,-0.054,71.5,8.9,,0.054,,2,2,0.772,0.772,29,30,29,31,2,1,4.0,2.0,,,4.23,-0.24,0.24,40.0
20,CU,2025-03-31,82.7,-2.42,5.99,"Ohtani, Shohei",660271,656550,,called_strike,,,,,4,"Shohei Ohtani strikes out swinging, catcher Drake Baldwin to first baseman Matt Olson.",R,L,R,LAD,ATL,S,,,0,0,2025,0.4,-0.92,-0.59,2.63,,,,0,3,Bot,,,,,,,3.366496734254344,-120.46292785346418,0.5971732360135156,3.2640047149218674,23.13415497486963,-41.44303272902148,3.32,1.64,,,,82.0,2895,5.7,778500,686948,621566,645277,663586,606115,650559,671739,672284,54.77,,,,,,,,21,1,Curveball,2,0,2,0,0,2,2,0,Infield shade,Standard,38,0.0,-0.037,,,,0.037,,2,2,0.772,0.772,29,30,29,31,2,1,4.0,2.0,,,4.24,-0.4,0.4,43.9
21,CH,2025-03-31,84.7,-1.64,4.89,"Ohtani, Shohei",660271,445926,walk,blocked_ball,,,,,14,Shohei Ohtani walks.,R,L,R,LAD,ATL,B,,,3,1,2025,-1.21,0.02,0.57,0.51,,,,1,6,Bot,,,,,,,7.597773210410208,-123.1221658242968,-3.960059515302344,-13.810522547255344,22.993546090546253,-31.37356749811564,3.34,1.61,,,,85.1,1753,6.4,778500,686948,621566,645277,663586,606115,650559,671739,672284,54.06,,0.694137,0.7,1.0,0.0,0.0,,52,5,Changeup,6,0,6,0,0,6,6,0,Infield shade,Standard,257,0.001,0.256,,,,-0.256,,6,6,0.987,0.987,41,30,42,31,1,3,,2.0,,,3.15,1.21,-1.21,17.4
22,FC,2025-03-31,87.1,-1.66,4.87,"Ohtani, Shohei",660271,445926,,called_strike,,,,,4,Shohei Ohtani walks.,R,L,R,LAD,ATL,S,,,3,0,2025,-0.07,0.77,-0.36,2.22,,,,1,6,Bot,,,,,,,3.26602437893336,-126.89893136219828,-1.850134668679716,-1.3538888976185874,24.08803320933998,-23.634002312377124,3.37,1.64,,,,87.7,2154,6.4,778500,686948,621566,645277,663586,606115,650559,671739,672284,54.09,,,,,,,,52,4,Cutter,6,0,6,0,0,6,6,0,Infield shade,Standard,207,0.0,-0.081,,,,0.081,,6,6,0.987,0.987,41,30,42,31,1,3,,2.0,,,2.21,0.07,-0.07,18.3
23,CU,2025-03-31,72.3,-1.6,5.08,"Ohtani, Shohei",660271,445926,,ball,,,,,13,Shohei Ohtani walks.,R,L,R,LAD,ATL,B,,,2,0,2025,1.56,-0.68,-1.12,1.46,,,,1,6,Bot,,,,,,,-1.7099032674638932,-105.19420396364264,1.4490356188765356,11.82060477546863,19.632704145072605,-37.72776816062531,3.35,1.65,,,,72.0,2465,6.3,778500,686948,621566,645277,663586,606115,650559,671739,672284,54.21,,,,,,,,52,3,Curveball,6,0,6,0,0,6,6,0,Infield shade,Standard,63,0.0,0.139,,,,-0.139,,6,6,0.987,0.987,41,30,42,31,1,3,,2.0,,,5.08,-1.56,1.56,22.2
24,CH,2025-03-31,84.8,-1.67,4.96,"Ohtani, Shohei",660271,445926,,ball,,,,,13,Shohei Ohtani walks.,R,L,R,LAD,ATL,B,,,1,0,2025,-1.34,0.29,-2.1,2.27,,,,1,6,Bot,,,,,,,1.6578511996297265,-123.48138000917248,-0.5327737736144242,-14.014801447393811,24.450898633931438,-29.34961455766611,3.4,1.65,,,,85.0,1789,6.4,778500,686948,621566,645277,663586,606115,650559,671739,672284,54.15,,,,,,,,52,2,Changeup,6,0,6,0,0,6,6,0,Infield shade,Standard,253,0.0,0.072,,,,-0.072,,6,6,0.987,0.987,41,30,42,31,1,3,,2.0,,,2.88,1.34,-1.34,20.0
25,FC,2025-03-31,87.1,-1.72,4.86,"Ohtani, Shohei",660271,445926,,ball,,,,,14,Shohei Ohtani walks.,R,L,R,LAD,ATL,B,,,0,0,2025,0.05,0.8,1.01,1.93,,,,1,6,Bot,,,,,,,6.45799280022495,-126.69069859379944,-2.532624003972822,-0.7144629993024032,25.17792624198052,-23.239188031973228,3.4,1.69,,,,87.5,2203,6.5,778500,686948,621566,645277,663586,606115,650559,671739,672284,54.0,,,,,,,,52,1,Cutter,6,0,6,0,0,6,6,0,Infield shade,Standard,210,0.0,0.039,,,,-0.039,,6,6,0.987,0.987,41,30,42,31,1,3,,2.0,,,2.2,-0.05,0.05,16.1
26,FF,2025-03-31,94.4,-1.54,5.53,"Ohtani, Shohei",660271,628452,strikeout,called_strike,,,,,8,Shohei Ohtani called out on strikes.,R,L,R,LAD,ATL,S,2.0,,3,2,2025,-0.89,1.21,0.01,2.07,,,,1,8,Bot,,,,,,,5.996403066502397,-137.32547008168223,-5.945533943812157,-12.618111515437576,31.205244354479262,-15.789707309700026,3.39,1.65,,,,93.9,2345,6.1,778500,686948,621566,645277,663586,606115,650559,671739,672284,54.41,,0.0,0.0,1.0,0.0,0.0,,68,6,4-Seam Fastball,6,1,6,1,1,6,6,1,Infield shade,Standard,219,0.0,-0.332,,,,0.332,,5,5,0.995,0.995,35,30,35,31,1,4,,2.0,,,1.36,0.89,-0.89,32.9
27,FF,2025-03-31,95.5,-2.83,5.57,"Ohtani, Shohei",660271,628452,,ball,,,,,11,Shohei Ohtani called out on strikes.,R,L,R,LAD,ATL,B,,,2,2,2025,-0.77,1.4,-1.73,2.77,,,,1,8,Bot,,,,,,,4.605114618140268,-139.03188306227665,-4.875225818583581,-11.036765695549756,31.95609813615137,-13.15936724636569,3.35,1.68,,,,95.2,2289,6.1,778500,686948,621566,645277,663586,606115,650559,671739,672284,54.38,,,,,,,,68,5,4-Seam Fastball,6,1,6,1,1,6,6,1,Infield shade,Standard,220,0.0,0.108,,,,-0.108,,5,5,0.995,0.995,35,30,35,31,1,4,,2.0,,,1.1,0.77,-0.77,34.9
28,CH,2025-03-31,88.0,-1.91,5.46,"Ohtani, Shohei",660271,628452,,called_strike,,,,,1,Shohei Ohtani called out on strikes.,R,L,R,LAD,ATL,S,,,2,1,2025,-1.26,0.39,-0.61,3.0,,,,1,8,Bot,,,,,,,5.729051857171675,-128.0796062737753,-0.694558293794468,-15.05569512456593,26.248891145643004,-27.925969551599696,3.34,1.63,,,,87.7,2112,6.1,778500,686948,621566,645277,663586,606115,650559,671739,672284,54.43,,,,,,,,68,4,Changeup,6,1,6,1,1,6,6,1,Infield shade,Standard,243,0.0,-0.078,,,,0.078,,5,5,0.995,0.995,35,30,35,31,1,4,,2.0,,,2.55,1.26,-1.26,31.8
29,SL,2025-03-31,81.7,-1.8,5.51,"Ohtani, Shohei",660271,628452,,foul,,,,,8,Shohei Ohtani called out on strikes.,R,L,R,LAD,ATL,S,,,2,0,2025,1.0,0.0,-0.26,1.84,,,,1,8,Bot,,,,,,,1.54342422935127,-118.9490923902736,-1.6709790308639036,9.150128500493134,24.135911587559875,-32.05335197668298,3.36,1.6,,,,80.7,2547,5.7,778500,686948,621566,645277,663586,606115,650559,671739,672284,54.78,,,,,,,,68,3,Slider,6,1,6,1,1,6,6,1,Infield shade,Standard,65,0.0,-0.065,77.9,8.3,,0.065,,5,5,0.995,0.995,35,30,35,31,1,4,,2.0,,,3.43,-1.0,1.0,33.1
30,CH,2025-03-31,88.3,-1.83,5.43,"Ohtani, Shohei",660271,628452,,ball,,,,,13,Shohei Ohtani called out on strikes.,R,L,R,LAD,ATL,B,,,1,0,2025,-1.51,0.33,-1.41,1.27,,,,1,8,Bot,,,,,,,4.137757742672576,-128.4832837032366,-4.703453487067052,-17.624065497949832,26.945555031211136,-27.716987154344423,3.32,1.65,,,,87.8,1954,6.0,778500,686948,621566,645277,663586,606115,650559,671739,672284,54.49,,,,,,,,68,2,Changeup,6,1,6,1,1,6,6,1,Infield shade,Standard,239,0.0,0.072,,,,-0.072,,5,5,0.995,0.995,35,30,35,31,1,4,,2.0,,,2.59,1.51,-1.51,30.5
31,FF,2025-03-31,94.5,-2.8,5.67,"Ohtani, Shohei",660271,628452,,ball,,,,,13,Shohei Ohtani called out on strikes.,R,L,R,LAD,ATL,B,,,0,0,2025,-0.56,1.25,-0.08,1.32,,,,1,8,Bot,,,,,,,8.29719250862177,-137.26032019127237,-8.38751484140297,-8.929187368223005,29.776650552166466,-14.65587732547496,3.42,1.69,,,,94.0,2192,6.0,778500,686948,621566,645277,663586,606115,650559,671739,672284,54.46,,,,,,,,68,1,4-Seam Fastball,6,1,6,1,1,6,6,1,Infield shade,Standard,215,0.0,0.039,,,,-0.039,,5,5,0.995,0.995,35,30,35,31,1,4,,2.0,,,1.31,0.56,-0.56,37.0
32,CU,2025-03-31,85.5,-2.44,5.76,"Ohtani, Shohei",660271,656550,walk,blocked_ball,,,,,14,Shohei Ohtani walks.,R,L,R,LAD,ATL,B,,,3,2,2025,0.31,-0.76,1.08,-0.25,,,,0,1,Bot,,,,,,,7.597206434363651,-124.21188983171965,-6.314810209843543,1.7375842783814677,23.86181018288488,-39.04662166718278,3.37,1.72,,,,85.0,2973,6.0,778500,686948,621566,645277,663586,606115,650559,671739,672284,54.53,,0.694137,0.7,1.0,0.0,0.0,,4,7,Curveball,0,0,0,0,0,0,0,0,Infield shade,Standard,33,0.036,0.371,,,,-0.371,,0,0,0.547,0.547,29,30,29,31,1,0,4.0,2.0,,,3.88,-0.31,0.31,39.4
33,SL,2025-03-31,85.7,-2.39,5.73,"Ohtani, Shohei",660271,656550,,foul,,,,,7,Shohei Ohtani walks.,R,L,R,LAD,ATL,S,,,3,2,2025,0.28,-0.46,-0.56,1.71,,,,0,1,Bot,,,,,,,3.729004326880324,-124.74169040269996,-2.3081686786023963,2.130400758979686,25.468039326168757,-36.69183822394315,3.36,1.6,1.0,71.3,-51.0,85.2,2821,6.0,778500,686948,621566,645277,663586,606115,650559,671739,672284,54.49,,,,,,,,4,6,Slider,0,0,0,0,0,0,0,0,Infield shade,Standard,37,0.0,0.0,70.1,8.0,,0.0,88.0,0,0,0.547,0.547,29,30,29,31,1,0,4.0,2.0,,,3.56,-0.28,0.28,37.6
34,FF,2025-03-31,96.1,-2.49,5.76,"Ohtani, Shohei",660271,656550,,called_strike,,,,,5,Shohei Ohtani walks.,R,L,R,LAD,ATL,S,,,3,1,2025,-0.41,1.16,0.09,2.57,,,,0,1,Bot,,,,,,,7.681246728509831,-139.73908629626945,-5.440504451305199,-7.032226071768425,30.311502639633265,-15.970031759811778,3.32,1.67,,,,95.4,2325,5.9,778500,686948,621566,645277,663586,606115,650559,671739,672284,54.64,,,,,,,,4,5,4-Seam Fastball,0,0,0,0,0,0,0,0,Infield shade,Standard,216,0.0,-0.085,,,,0.085,,0,0,0.547,0.547,29,30,29,31,1,0,4.0,2.0,,,1.31,0.41,-0.41,36.7
35,FF,2025-03-31,95.7,-2.55,5.71,"Ohtani, Shohei",660271,656550,,called_strike,,,,,7,Shohei Ohtani walks.,R,L,R,LAD,ATL,S,,,3,0,2025,-0.43,1.21,-0.31,1.9,,,,0,1,Bot,,,,,,,6.832887581186604,-139.07483223202075,-7.086535057275429,-7.12426371735386,30.43315838945104,-15.079120788937256,3.43,1.69,,,,95.0,2327,5.9,778500,686948,621566,645277,663586,606115,650559,671739,672284,54.62,,,,,,,,4,4,4-Seam Fastball,0,0,0,0,0,0,0,0,Infield shade,Standard,214,0.0,-0.09,,,,0.09,,0,0,0.547,0.547,29,30,29,31,1,0,4.0,2.0,,,1.28,0.43,-0.43,35.8
36,CU,2025-03-31,84.6,-2.43,5.78,"Ohtani, Shohei",660271,656550,,ball,,,,,14,Shohei Ohtani walks.,R,L,R,LAD,ATL,B,,,2,0,2025,0.12,-0.96,0.47,1.16,,,,0,1,Bot,,,,,,,6.48456978511708,-123.00183247895936,-2.45256945845734,-0.0998581772603818,25.24628583400299,-41.63149883564826,3.4,1.68,,,,83.8,2915,5.9,778500,686948,621566,645277,663586,606115,650559,671739,672284,54.59,,,,,,,,4,3,Curveball,0,0,0,0,0,0,0,0,Infield shade,Standard,33,0.0,0.147,,,,-0.147,,0,0,0.547,0.547,29,30,29,31,1,0,4.0,2.0,,,4.16,-0.12,0.12,37.2
37,FF,2025-03-31,96.0,-2.57,5.8,"Ohtani, Shohei",660271,656550,,ball,,,,,13,Shohei Ohtani walks.,R,L,R,LAD,ATL,B,,,1,0,2025,-0.71,1.17,-1.17,2.0,,,,0,1,Bot,,,,,,,5.2716695266323805,-139.6827951444841,-7.045410169030999,-10.5174255207313,30.16598186460116,-15.504630612457325,3.37,1.68,,,,95.3,2295,5.8,778500,686948,621566,645277,663586,606115,650559,671739,672284,54.71,,,,,,,,4,2,4-Seam Fastball,0,0,0,0,0,0,0,0,Infield shade,Standard,219,0.0,0.069,,,,-0.069,,0,0,0.547,0.547,29,30,29,31,1,0,4.0,2.0,,,1.3,0.71,-0.71,36.5
38,FF,2025-03-31,95.6,-2.55,5.85,"Ohtani, Shohei",660271,656550,,ball,,,,,13,Shohei Ohtani walks.,R,L,R,LAD,ATL,B,,,0,0,2025,-0.54,1.2,-1.74,1.89,,,,0,1,Bot,,,,,,,3.349308446099354,-139.07341350152424,-7.481522856496069,-7.771634321099315,30.19359582053728,-15.160557703868694,3.44,1.72,,,,95.3,2167,6.1,778500,686948,621566,645277,663586,606115,650559,671739,672284,54.45,,,,,,,,4,1,4-Seam Fastball,0,0,0,0,0,0,0,0,Infield shade,Standard,220,0.0,0.038,,,,-0.038,,0,0,0.547,0.547,29,30,29,31,1,0,4.0,2.0,,,1.29,0.54,-0.54,35.6
39,FF,2025-03-29,95.1,-2.81,6.05,"Ohtani, Shohei",660271,681857,field_out,hit_into_play,,,,,2,Shohei Ohtani flies out sharply to left fielder Riley Greene.,R,L,R,LAD,DET,X,7.0,fly_ball,3,0,2025,-0.8,1.08,0.26,3.05,,,,0,3,Bot,89.84,110.52,,,,,9.733191528478072,-138.2085041478592,-4.573084765906841,-12.397471466316386,30.238223640247494,-17.5328241555733,3.36,1.6,240.0,101.5,57.0,94.1,2163,5.7,778533,668670,679529,690993,656716,700242,682985,668952,622534,54.75,0.014,0.02,0.0,1.0,0.0,0.0,3.0,26,4,4-Seam Fastball,2,2,2,2,2,2,2,2,Infield shade,Standard,224,-0.025,-0.508,80.0,7.7,0.031,0.508,101.5,0,0,0.554,0.554,25,30,26,31,2,1,,1.0,,2.0,1.45,0.8,-0.8,42.6
40,SL,2025-03-29,84.6,-2.78,6.09,"Ohtani, Shohei",660271,681857,,ball,,,,,11,Shohei Ohtani flies out sharply to left fielder Riley Greene.,R,L,R,LAD,DET,B,,,2,0,2025,0.47,-0.3,-1.08,2.94,,,,0,3,Bot,,,,,,,3.01274672158365,-123.28252315835226,-0.4345007374031875,4.1980732248234025,24.28591797508107,-35.41173269127421,3.43,1.64,,,,84.0,2745,5.8,778533,668670,679529,690993,656716,700242,682985,668952,622534,54.7,,,,,,,,26,3,Slider,2,2,2,2,2,2,2,2,Infield shade,Standard,64,0.0,0.147,,,,-0.147,,0,0,0.554,0.554,25,30,26,31,2,1,,1.0,,2.0,3.48,-0.47,0.47,37.8
41,SI,2025-03-29,95.0,-2.67,6.06,"Ohtani, Shohei",660271,681857,,ball,,,,,12,Shohei Ohtani flies out sharply to left fielder Riley Greene.,R,L,R,LAD,DET,B,,,1,0,2025,-1.41,0.89,1.06,2.87,,,,0,3,Bot,,,,,,,12.763185692002958,-137.7831531075302,-4.602930868191861,-20.80819199527096,30.046556187548237,-19.949163765187343,3.47,1.6,,,,93.9,2155,5.8,778533,668670,679529,690993,656716,700242,682985,668952,622534,54.69,,,,,,,,26,2,Sinker,2,2,2,2,2,2,2,2,Infield shade,Standard,225,0.0,0.069,,,,-0.069,,0,0,0.554,0.554,25,30,26,31,2,1,,1.0,,2.0,1.65,1.41,-1.41,36.5
42,CH,2025-03-29,88.3,-2.85,5.97,"Ohtani, Shohei",660271,681857,,ball,,,,,14,Shohei Ohtani flies out sharply to left fielder Riley Greene.,R,L,R,LAD,DET,B,,,0,0,2025,-1.25,0.59,0.12,1.44,,,,0,3,Bot,,,,,,,9.692499081816726,-128.16680969396626,-6.069239907781128,-15.804420696196724,27.214457652078195,-24.49132182388164,3.54,1.64,,,,87.0,1899,5.7,778533,668670,679529,690993,656716,700242,682985,668952,622534,54.83,,,,,,,,26,1,Changeup,2,2,2,2,2,2,2,2,Infield shade,Standard,245,0.0,0.038,,,,-0.038,,0,0,0.554,0.554,25,30,26,31,2,1,,1.0,,2.0,2.35,1.25,-1.25,33.4
43,FF,2025-03-29,90.4,-2.09,5.76,"Ohtani, Shohei",660271,628317,walk,ball,,,,,13,Shohei Ohtani walks.,R,L,R,LAD,DET,B,,,3,0,2025,-0.68,1.25,-1.14,2.35,,,,1,7,Bot,,,,,,,3.7847915342040346,-131.53134815196745,-5.192529545418073,-8.653047270474021,27.796545265441317,-16.77867623139163,3.48,1.61,,,,90.0,2233,6.0,778533,668670,679529,690993,656716,700242,682985,668952,622534,54.48,,0.694137,0.7,1.0,0.0,0.0,,57,4,4-Seam Fastball,6,3,6,3,3,6,6,3,Infield shade,Standard,220,0.005,0.175,,,,-0.175,,3,3,0.941,0.941,37,30,37,31,1,3,,1.0,,2.0,1.54,0.68,-0.68,36.1
44,FF,2025-03-29,90.3,-2.0,5.73,"Ohtani, Shohei",660271,628317,,ball,,,,,11,Shohei Ohtani walks.,R,L,R,LAD,DET,B,,,2,0,2025,-0.84,1.21,-1.86,2.6,,,,1,7,Bot,,,,,,,2.1128807212518472,-131.42965526077197,-4.402507037921328,-10.16627868829808,27.78445123929143,-17.427445221310858,3.51,1.66,,,,89.8,2311,6.0,778533,668670,679529,690993,656716,700242,682985,668952,622534,54.52,,,,,,,,57,3,4-Seam Fastball,6,3,6,3,3,6,6,3,Infield shade,Standard,223,0.0,0.139,,,,-0.139,,3,3,0.941,0.941,37,30,37,31,1,3,,1.0,,2.0,1.58,0.84,-0.84,37.0
45,FS,2025-03-29,84.0,-2.08,5.78,"Ohtani, Shohei",660271,628317,,ball,,,,,14,Shohei Ohtani walks.,R,L,R,LAD,DET,B,,,1,0,2025,-0.98,-0.15,0.77,0.54,,,,1,7,Bot,,,,,,,8.477727622393742,-122.0336269659638,-5.448392524528495,-11.416287600154192,21.911652229528165,-32.847585735930664,3.44,1.68,,,,83.8,1445,6.0,778533,668670,679529,690993,656716,700242,682985,668952,622534,54.48,,,,,,,,57,2,Split-Finger,6,3,6,3,3,6,6,3,Infield shade,Standard,250,0.0,0.072,,,,-0.072,,3,3,0.941,0.941,37,30,37,31,1,3,,1.0,,2.0,3.37,0.98,-0.98,39.4
46,FS,2025-03-29,85.2,-2.1,5.85,"Ohtani, Shohei",660271,628317,,ball,,,,,11,Shohei Ohtani walks.,R,L,R,LAD,DET,B,,,0,0,2025,-0.77,0.01,-1.41,2.75,,,,1,7,Bot,,,,,,,3.1572237850137546,-124.177908793613,-1.1098350184720478,-8.640160358842746,21.845533271854755,-32.03225763478167,3.53,1.66,,,,85.2,1422,5.9,778533,668670,679529,690993,656716,700242,682985,668952,622534,54.57,,,,,,,,57,1,Split-Finger,6,3,6,3,3,6,6,3,Infield shade,Standard,242,0.0,0.039,,,,-0.039,,3,3,0.941,0.941,37,30,37,31,1,3,,1.0,,2.0,3.09,0.77,-0.77,38.4
47,CH,2025-03-29,87.6,-2.84,5.93,"Ohtani, Shohei",660271,681857,strikeout,swinging_strike,,,,,7,Shohei Ohtani strikes out swinging.,R,L,R,LAD,DET,S,2.0,,2,2,2025,-1.0,-0.08,-0.74,1.79,,,,0,1,Bot,,,,,,,7.051761173560536,-127.52697550063306,-3.75813945753036,-12.236885404056643,22.523485626988105,-32.57572207000346,3.36,1.6,,,,87.1,2138,5.7,778533,668670,679529,690993,656716,700242,682985,668952,622534,54.85,,0.0,0.0,1.0,0.0,0.0,,9,5,Changeup,0,2,0,2,2,0,0,2,Infield shade,Standard,254,-0.022,-0.227,75.3,8.4,,0.227,,-2,-2,0.342,0.342,25,30,26,31,1,0,,1.0,,2.0,3.02,1.0,-1.0,32.4
48,SL,2025-03-29,85.2,-2.71,5.93,"Ohtani, Shohei",660271,681857,,ball,,,,,14,Shohei Ohtani strikes out swinging.,R,L,R,LAD,DET,B,,,1,2,2025,0.37,-0.11,0.77,0.25,,,,0,1,Bot,,,,,,,7.321262143239475,-123.84656175581205,-6.743314091435515,2.4393666580443107,23.740104537800608,-32.17822886058635,3.48,1.58,,,,84.2,2817,5.6,778533,668670,679529,690993,656716,700242,682985,668952,622534,54.86,,,,,,,,9,4,Slider,0,2,0,2,2,0,0,2,Infield shade,Standard,41,0.0,0.04,,,,-0.04,,-2,-2,0.342,0.342,25,30,26,31,1,0,,1.0,,2.0,3.25,-0.37,0.37,33.8
49,SL,2025-03-29,85.0,-2.83,5.96,"Ohtani, Shohei",660271,681857,,called_strike,,,,,13,Shohei Ohtani strikes out swinging.,R,L,R,LAD,DET,S,,,1,1,2025,0.46,-0.16,-0.46,1.46,,,,0,1,Bot,,,,,,,4.570999999115883,-123.69996330353617,-3.908165366174076,3.884216419728476,23.657847677448935,-33.24712081536204,3.46,1.67,,,,84.1,2793,5.6,778533,668670,679529,690993,656716,700242,682985,668952,622534,54.88,,,,,,,,9,3,Slider,0,2,0,2,2,0,0,2,Infield shade,Standard,91,0.0,-0.056,,,,0.056,,-2,-2,0.342,0.342,25,30,26,31,1,0,,1.0,,2.0,3.3,-0.46,0.46,40.9
50,CU,2025-03-29,79.7,-2.75,6.09,"Ohtani, Shohei",660271,681857,,ball,,,,,14,Shohei Ohtani strikes out swinging.,R,L,R,LAD,DET,B,,,0,1,2025,0.52,-1.2,0.6,0.33,,,,0,1,Bot,,,,,,,6.300221612070713,-115.81411011670734,-3.546522787669589,3.330745717765329,23.70889648900626,-42.38159753644073,3.45,1.58,,,,78.3,2455,5.6,778533,668670,679529,690993,656716,700242,682985,668952,622534,54.87,,,,,,,,9,2,Curveball,0,2,0,2,2,0,0,2,Infield shade,Standard,34,0.0,0.025,,,,-0.025,,-2,-2,0.342,0.342,25,30,26,31,1,0,,1.0,,2.0,4.83,-0.52,0.52,39.2
51,FF,2025-03-29,94.0,-2.8,6.06,"Ohtani, Shohei",660271,681857,,called_strike,,,,,4,Shohei Ohtani strikes out swinging.,R,L,R,LAD,DET,S,,,0,0,2025,-1.08,1.24,-0.43,2.53,,,,0,1,Bot,,,,,,,8.394416989327647,-136.52615233966483,-6.1059615764514295,-15.30657317825101,30.1648867955154,-15.435577623927392,3.5,1.63,,,,92.7,2365,5.6,778533,668670,679529,690993,656716,700242,682985,668952,622534,54.9,,,,,,,,9,1,4-Seam Fastball,0,2,0,2,2,0,0,2,Infield shade,Standard,228,0.0,-0.037,,,,0.037,,-2,-2,0.342,0.342,25,30,26,31,1,0,,1.0,,2.0,1.35,1.08,-1.08,34.4
52,KC,2025-03-28,78.1,-2.96,4.98,"Ohtani, Shohei",660271,656427,field_out,hit_into_play,,,,,7,"Shohei Ohtani grounds out sharply, second baseman Zach McKinstry to first baseman Colt Keith.",R,L,R,LAD,DET,X,4.0,ground_ball,2,1,2025,1.08,-0.69,-0.33,1.86,,,,0,6,Bot,149.76,144.79,,,,,3.687062768524112,-113.65283858295491,1.4339315282052716,8.696058178142895,21.13482308825801,-38.60070953712402,3.4,1.61,67.0,105.3,3.0,78.3,2382,6.5,778544,693307,690993,656716,595879,700242,682985,668952,681481,54.03,0.557,0.517,0.0,1.0,0.0,0.0,4.0,44,4,Knuckle Curve,0,2,0,2,2,0,0,2,Infield shade,Standard,56,-0.035,-0.296,76.5,8.2,0.616,0.296,105.3,-2,-2,0.248,0.248,29,30,30,31,3,2,,1.0,,1.0,4.43,-1.08,1.08,24.3
53,FF,2025-03-28,94.0,-2.77,5.18,"Ohtani, Shohei",660271,656427,,ball,,,,,11,"Shohei Ohtani grounds out sharply, second baseman Zach McKinstry to first baseman Colt Keith.",R,L,R,LAD,DET,B,,,1,1,2025,-0.49,1.29,-1.95,2.72,,,,0,6,Bot,,,,,,,3.2341068329141525,-136.89402993250565,-3.580874983055094,-6.853280576571543,28.951244416834307,-15.324682727844166,3.23,1.52,,,,94.7,2176,6.6,778544,693307,690993,656716,595879,700242,682985,668952,681481,53.93,,,,,,,,44,3,4-Seam Fastball,0,2,0,2,2,0,0,2,Infield shade,Standard,211,0.0,0.053,,,,-0.053,,-2,-2,0.248,0.248,29,30,30,31,3,2,,1.0,,1.0,1.28,0.49,-0.49,24.8
54,SL,2025-03-28,83.7,-2.65,5.12,"Ohtani, Shohei",660271,656427,,ball,,,,,14,"Shohei Ohtani grounds out sharply, second baseman Zach McKinstry to first baseman Colt Keith.",R,L,R,LAD,DET,B,,,0,1,2025,0.39,0.04,0.43,0.19,,,,0,6,Bot,,,,,,,6.384830306920992,-121.75333158776174,-5.079481758819048,2.6261020949732266,23.44456091268032,-31.02041965130792,3.23,1.69,,,,84.5,2347,6.8,778544,693307,690993,656716,595879,700242,682985,668952,681481,53.74,,,,,,,,44,2,Slider,0,2,0,2,2,0,0,2,Infield shade,Standard,105,0.0,0.025,,,,-0.025,,-2,-2,0.248,0.248,29,30,30,31,3,2,,1.0,,1.0,3.21,-0.39,0.39,25.1
55,KC,2025-03-28,77.4,-2.72,5.19,"Ohtani, Shohei",660271,656427,,foul,,,,,8,"Shohei Ohtani grounds out sharply, second baseman Zach McKinstry to first baseman Colt Keith.",R,L,R,LAD,DET,S,,,0,0,2025,1.28,-1.02,0.07,1.76,,,,0,6,Bot,,,,,,,3.6238189501473137,-112.55919220591466,1.5633526722131583,10.050685857611583,22.47726561505665,-41.31823316637861,3.4,1.61,,,,77.5,2360,6.6,778544,693307,690993,656716,595879,700242,682985,668952,681481,53.89,,,,,,,,44,1,Knuckle Curve,0,2,0,2,2,0,0,2,Infield shade,Standard,53,0.0,-0.037,73.9,8.8,,0.037,,-2,-2,0.248,0.248,29,30,30,31,3,2,,1.0,,1.0,4.86,-1.28,1.28,27.8
56,FF,2025-03-28,92.5,-2.7,5.23,"Ohtani, Shohei",660271,656427,field_out,hit_into_play,,,,,2,Shohei Ohtani flies out sharply to center fielder Ryan Kreidler.,R,L,R,LAD,DET,X,8.0,fly_ball,1,0,2025,-0.07,1.12,0.2,3.07,,,,0,4,Bot,130.79,100.71,,,,,7.584543609972122,-134.63075192739026,-2.1648783907045868,-2.4420156204109507,27.450352461917976,-18.27879768575612,3.4,1.61,247.0,110.6,58.0,93.2,2179,6.5,778544,693307,690993,650402,656716,700242,682985,668952,681481,53.96,0.009,0.008,0.0,1.0,0.0,0.0,3.0,28,2,4-Seam Fastball,0,2,0,2,2,0,0,2,Infield shade,Standard,213,-0.029,-0.292,80.0,8.1,0.014,0.292,110.6,-2,-2,0.3,0.3,29,30,30,31,2,1,,1.0,,1.0,1.53,0.07,-0.07,25.2
57,SL,2025-03-28,83.2,-2.76,5.06,"Ohtani, Shohei",660271,656427,,ball,,,,,13,Shohei Ohtani flies out sharply to center fielder Ryan Kreidler.,R,L,R,LAD,DET,B,,,0,0,2025,0.25,0.19,-1.31,1.43,,,,0,4,Bot,,,,,,,2.8578488864590605,-121.22044761582224,-2.3068829686552697,2.0030375684054507,21.23618275975044,-30.079746374166657,3.23,1.59,,,,84.1,2335,6.6,778544,693307,690993,650402,656716,700242,682985,668952,681481,53.92,,,,,,,,28,1,Slider,0,2,0,2,2,0,0,2,Infield shade,Standard,116,0.0,0.038,,,,-0.038,,-2,-2,0.3,0.3,29,30,30,31,2,1,,1.0,,1.0,3.07,-0.25,0.25,20.5
58,FF,2025-03-28,97.5,-1.98,5.67,"Ohtani, Shohei",660271,676684,strikeout,called_strike,,,,,4,Shohei Ohtani called out on strikes.,R,L,R,LAD,DET,S,2.0,,3,2,2025,-0.67,1.2,-0.49,2.2,,,,1,8,Bot,,,,,,,5.536144869147046,-141.92688633055465,-6.632725407521084,-10.244930942089018,30.430276992029977,-14.58392008130874,3.23,1.58,,,,98.0,2118,6.4,778544,693307,628451,656716,595879,700242,682985,668952,622534,54.11,,0.0,0.0,1.0,0.0,0.0,,62,7,4-Seam Fastball,2,2,2,2,2,2,2,2,Infield shade,Standard,211,-0.034,-0.332,,,,0.332,,0,0,0.559,0.559,30,30,30,31,1,3,,1.0,3.0,1.0,1.18,0.67,-0.67,53.9
59,FF,2025-03-28,96.1,-1.49,6.12,"Ohtani, Shohei",660271,689225,single,hit_into_play,,,,,7,Shohei Ohtani singles on a sharp ground ball to right fielder Manuel Margot. Will Smith to 3rd.,R,L,R,LAD,DET,X,9.0,ground_ball,1,0,2025,-0.33,1.44,-0.34,2.16,,,669257.0,1,10,Bot,179.83,122.37,,,,,3.733539669523041,-139.730932436488,-8.102476240154026,-5.091847742893695,29.934823493100374,-11.65770860973357,3.4,1.61,15.0,100.2,-8.0,95.4,2549,5.8,778544,693307,628451,656716,595879,700242,682985,668952,622534,54.68,0.254,0.244,0.9,1.0,1.0,0.0,2.0,81,2,4-Seam Fastball,5,5,5,5,5,5,5,5,Standard,Standard,202,0.185,0.369,82.3,8.5,0.278,-0.369,100.2,0,0,0.632,0.632,27,30,27,31,1,4,1.0,1.0,,1.0,1.02,0.33,-0.33,48.3
60,FF,2025-03-28,96.8,-2.03,5.74,"Ohtani, Shohei",660271,676684,,foul,,,,,11,Shohei Ohtani called out on strikes.,R,L,R,LAD,DET,S,,,3,2,2025,-0.82,1.39,-1.08,3.42,,,,1,8,Bot,,,,,,,4.422127644448164,-140.869431773034,-3.825108332429627,-11.906075538321073,33.09952031935312,-13.01735083933868,3.4,1.61,250.0,84.7,53.0,97.0,2219,6.5,778544,693307,628451,656716,595879,700242,682985,668952,622534,54.0,,,,,,,,62,6,4-Seam Fastball,2,2,2,2,2,2,2,2,Infield shade,Standard,213,0.0,0.0,67.4,6.9,,0.0,88.0,0,0,0.559,0.559,30,30,30,31,1,3,,1.0,3.0,1.0,1.05,0.82,-0.82,52.4
61,CH,2025-03-28,90.0,-1.65,6.04,"Ohtani, Shohei",660271,689225,,ball,,,,,13,Shohei Ohtani singles on a sharp ground ball to right fielder Manuel Margot. Will Smith to 3rd.,R,L,R,LAD,DET,B,,,0,0,2025,-1.22,0.49,-1.29,1.62,,,669257.0,1,10,Bot,,,,,,,3.448835170451658,-131.04012136935688,-6.048569580958648,-14.81429472302546,25.585009910335977,-25.46599711780477,3.35,1.68,,,,89.5,2167,5.8,778544,693307,628451,656716,595879,700242,682985,668952,622534,54.71,,,,,,,,81,1,Changeup,5,5,5,5,5,5,5,5,Standard,Standard,227,0.0,0.036,,,,-0.036,,0,0,0.632,0.632,27,30,27,31,1,4,1.0,1.0,,1.0,2.3,1.22,-1.22,44.6
62,FF,2025-03-28,96.8,-2.02,5.71,"Ohtani, Shohei",660271,676684,,called_strike,,,,,4,Shohei Ohtani called out on strikes.,R,L,R,LAD,DET,S,,,3,1,2025,-0.95,1.3,-0.47,2.21,,,,1,8,Bot,,,,,,,6.320244352066036,-140.8063829888407,-6.780585422790471,-14.122034728835215,31.4746667591646,-13.470980092973289,3.23,1.58,,,,96.9,2195,6.3,778544,693307,628451,656716,595879,700242,682985,668952,622534,54.15,,,,,,,,62,5,4-Seam Fastball,2,2,2,2,2,2,2,2,Infield shade,Standard,215,0.0,-0.092,,,,0.092,,0,0,0.559,0.559,30,30,30,31,1,3,,1.0,3.0,1.0,1.13,0.95,-0.95,57.6
63,CH,2025-03-28,89.8,-2.25,5.61,"Ohtani, Shohei",660271,676684,,ball,,,,,13,Shohei Ohtani called out on strikes.,R,L,R,LAD,DET,B,,,2,1,2025,-1.46,0.7,-0.53,0.86,,,,1,8,Bot,,,,,,,7.3638638257017615,-130.41051545332138,-7.268686538008393,-18.176864177483463,26.24801624508697,-22.86774865503862,3.22,1.59,,,,90.2,1684,6.5,778544,693307,628451,656716,595879,700242,682985,668952,622534,53.95,,,,,,,,62,4,Changeup,2,2,2,2,2,2,2,2,Infield shade,Standard,239,0.0,0.122,,,,-0.122,,0,0,0.559,0.559,30,30,30,31,1,3,,1.0,3.0,1.0,2.13,1.46,-1.46,50.1
64,CH,2025-03-28,90.0,-2.25,5.62,"Ohtani, Shohei",660271,676684,,ball,,,,,13,Shohei Ohtani called out on strikes.,R,L,R,LAD,DET,B,,,1,1,2025,-1.59,0.17,-2.25,1.72,,,,1,8,Bot,,,,,,,3.3653931248737528,-131.04928172889194,-4.073394932959793,-19.028419537294543,27.31561267386592,-29.55015145454904,3.35,1.66,,,,90.1,1674,6.3,778544,693307,628451,656716,595879,700242,682985,668952,622534,54.23,,,,,,,,62,3,Changeup,2,2,2,2,2,2,2,2,Infield shade,Standard,235,0.0,0.059,,,,-0.059,,0,0,0.559,0.559,30,30,30,31,1,3,,1.0,3.0,1.0,2.64,1.59,-1.59,48.1
65,FF,2025-03-28,97.3,-1.99,5.73,"Ohtani, Shohei",660271,676684,,called_strike,,,,,7,Shohei Ohtani called out on strikes.,R,L,R,LAD,DET,S,,,1,0,2025,-0.75,1.43,-0.67,1.97,,,,1,8,Bot,,,,,,,5.262942309629506,-141.45800383831218,-7.853052599487335,-11.257010698895334,32.205116218542805,-11.350662311312869,3.23,1.6,,,,97.3,2268,6.3,778544,693307,628451,656716,595879,700242,682985,668952,622534,54.17,,,,,,,,62,2,4-Seam Fastball,2,2,2,2,2,2,2,2,Infield shade,Standard,216,0.0,-0.051,,,,0.051,,0,0,0.559,0.559,30,30,30,31,1,3,,1.0,3.0,1.0,0.98,0.75,-0.75,52.6
66,SL,2025-03-28,90.0,-2.31,5.53,"Ohtani, Shohei",660271,676684,,ball,,,,,14,Shohei Ohtani called out on strikes.,R,L,R,LAD,DET,B,,,0,0,2025,0.3,0.47,0.87,1.46,,,,1,8,Bot,,,,,,,7.221632008318788,-130.84932383893616,-5.0979719529291145,1.8519190570191757,29.437484090043014,-25.80439650608968,3.23,1.54,,,,89.6,2799,6.2,778544,693307,628451,656716,595879,700242,682985,668952,622534,54.25,,,,,,,,62,1,Slider,2,2,2,2,2,2,2,2,Infield shade,Standard,53,0.0,0.039,,,,-0.039,,0,0,0.559,0.559,30,30,30,31,1,3,,1.0,3.0,1.0,2.36,-0.3,0.3,45.2
67,FF,2025-03-28,94.1,-2.75,5.32,"Ohtani, Shohei",660271,656427,walk,ball,,,,,9,Shohei Ohtani walks.,R,L,R,LAD,DET,B,,,3,0,2025,-0.53,1.3,0.76,1.62,,,,0,1,Bot,,,,,,,10.27308579997993,-136.5464214618703,-6.7964879839177295,-8.781682119202108,28.87883346499613,-14.478799275904716,3.23,1.54,,,,94.4,2229,6.5,778544,693307,690993,650402,656716,700242,682985,668952,681481,53.97,,0.694137,0.7,1.0,0.0,0.0,,6,4,4-Seam Fastball,0,0,0,0,0,0,0,0,Infield shade,Standard,216,0.036,0.197,,,,-0.197,,0,0,0.547,0.547,29,30,30,31,1,0,,1.0,,1.0,1.28,0.53,-0.53,25.9
68,SL,2025-03-28,84.9,-2.8,5.37,"Ohtani, Shohei",660271,656427,,ball,,,,,13,Shohei Ohtani walks.,R,L,R,LAD,DET,B,,,2,0,2025,0.57,-0.01,-0.99,1.86,,,,0,1,Bot,,,,,,,3.089985214490784,-123.65778303772576,-1.898420330122096,5.307576023539591,23.45141692971372,-32.164240141528566,3.23,1.53,,,,85.3,2455,6.4,778544,693307,690993,650402,656716,700242,682985,668952,681481,54.12,,,,,,,,6,3,Slider,0,0,0,0,0,0,0,0,Infield shade,Standard,128,0.0,0.147,,,,-0.147,,0,0,0.547,0.547,29,30,30,31,1,0,,1.0,,1.0,3.16,-0.57,0.57,25.4
69,SL,2025-03-28,85.3,-2.72,5.03,"Ohtani, Shohei",660271,656427,,ball,,,,,14,Shohei Ohtani walks.,R,L,R,LAD,DET,B,,,1,0,2025,0.53,0.06,2.23,-0.53,,,,0,1,Bot,,,,,,,10.632012004790608,-123.76932852381164,-6.973038677743027,3.5513406545674018,22.31681064801339,-30.34731217734837,3.23,1.48,,,,86.0,2471,6.7,778544,693307,690993,650402,656716,700242,682985,668952,681481,53.83,,,,,,,,6,2,Slider,0,0,0,0,0,0,0,0,Standard,Standard,119,0.0,0.069,,,,-0.069,,0,0,0.547,0.547,29,30,30,31,1,0,,1.0,,1.0,3.06,-0.53,0.53,19.9
70,FF,2025-03-28,94.9,-2.75,5.36,"Ohtani, Shohei",660271,656427,,ball,,,,,14,Shohei Ohtani walks.,R,L,R,LAD,DET,B,,,0,0,2025,-0.64,1.21,0.21,1.24,,,,0,1,Bot,,,,,,,9.19357836152668,-137.8729685418085,-7.87044316937738,-10.029964521999792,27.962102088282244,-15.158696621324877,3.41,1.63,,,,95.6,2277,6.6,778544,693307,690993,650402,656716,700242,682985,668952,681481,53.94,,,,,,,,6,1,4-Seam Fastball,0,0,0,0,0,0,0,0,Standard,Standard,216,0.0,0.038,,,,-0.038,,0,0,0.547,0.547,29,30,30,31,1,0,,1.0,,1.0,1.31,0.64,-0.64,27.3
71,SI,2025-03-27,99.2,1.8,6.29,"Ohtani, Shohei",660271,669373,force_out,hit_into_play,,,,,6,"Shohei Ohtani grounds into a force out, second baseman Gleyber Torres to shortstop Javier Báez. Andy Pages out at 2nd. Shohei Ohtani to 1st.",R,L,L,LAD,DET,X,4.0,ground_ball,2,2,2025,1.05,1.11,0.65,2.66,,,681624.0,1,5,Bot,148.85,152.61,,,,,-5.58906326813872,-144.35941584607596,-7.140025861894668,15.948349941581055,32.27941904954298,-15.191521895507654,3.4,1.62,6.0,77.6,-24.0,99.5,2162,6.3,778546,668670,690993,650402,628451,595879,682985,668952,622534,54.15,0.046,0.047,0.0,1.0,0.0,0.0,2.0,43,5,Sinker,1,2,1,2,2,1,1,2,Infield shade,Standard,148,-0.043,-0.292,68.1,7.0,0.055,0.292,88.0,-1,-1,0.412,0.412,28,30,29,31,3,2,,8.0,,1.0,1.2,1.05,1.05,48.1
72,SI,2025-03-27,96.2,1.8,6.29,"Ohtani, Shohei",660271,669373,,foul,,,,,6,"Shohei Ohtani grounds into a force out, second baseman Gleyber Torres to shortstop Javier Báez. Andy Pages out at 2nd. Shohei Ohtani to 1st.",R,L,L,LAD,DET,S,,,2,1,2025,1.19,0.97,0.49,2.33,,,681624.0,1,5,Bot,,,,,,,-6.162183470516172,-139.8648809131927,-7.093375462595245,17.04941459002813,32.62237022128846,-18.033684782973214,3.4,1.62,4.0,76.6,-31.0,96.1,2171,6.3,778546,668670,690993,650402,628451,595879,682985,668952,622534,54.15,,,,,,,,43,4,Sinker,1,2,1,2,2,1,1,2,Infield shade,Standard,144,0.0,-0.057,82.4,8.2,,0.057,88.0,-1,-1,0.412,0.412,28,30,29,31,3,2,,8.0,,1.0,1.51,1.19,1.19,48.9
73,CH,2025-03-27,86.5,1.85,6.26,"Ohtani, Shohei",660271,669373,,called_strike,,,,,4,"Shohei Ohtani grounds into a force out, second baseman Gleyber Torres to shortstop Javier Báez. Andy Pages out at 2nd. Shohei Ohtani to 1st.",R,L,L,LAD,DET,S,,,2,0,2025,1.16,0.57,-0.7,2.69,,,681624.0,1,5,Bot,,,,,,,-8.468044951854758,-125.8149225096457,-3.497838662398725,14.00130943556465,23.697817611968777,-25.57800681950076,3.36,1.51,,,,86.8,1839,6.4,778546,668670,690993,650402,628451,595879,682985,668952,622534,54.13,,,,,,,,43,3,Changeup,1,2,1,2,2,1,1,2,Infield shade,Standard,135,0.0,-0.057,,,,0.057,,-1,-1,0.412,0.412,28,30,29,31,3,2,,8.0,,1.0,2.46,1.16,1.16,48.6
74,SI,2025-03-27,96.7,1.71,6.31,"Ohtani, Shohei",660271,669373,,ball,,,,,13,"Shohei Ohtani grounds into a force out, second baseman Gleyber Torres to shortstop Javier Báez. Andy Pages out at 2nd. Shohei Ohtani to 1st.",R,L,L,LAD,DET,B,,,1,0,2025,1.09,0.96,-0.62,1.38,,,681624.0,1,5,Bot,,,,,,,-8.699100708224433,-140.28319452799212,-9.78403884943555,16.296668192695176,30.14213281609593,-17.430489710222783,3.44,1.56,,,,97.0,2236,6.5,778546,668670,690993,650402,628451,595879,682985,668952,622534,53.97,,,,,,,,43,2,Sinker,1,2,1,2,2,1,1,2,Infield shade,Standard,155,0.0,0.056,,,,-0.056,,-1,-1,0.412,0.412,28,30,29,31,3,2,,8.0,,1.0,1.48,1.09,1.09,52.0
75,SI,2025-03-27,97.7,1.7,6.28,"Ohtani, Shohei",660271,669373,,ball,,,,,14,"Shohei Ohtani grounds into a force out, second baseman Gleyber Torres to shortstop Javier Báez. Andy Pages out at 2nd. Shohei Ohtani to 1st.",R,L,L,LAD,DET,B,,,0,0,2025,0.98,1.16,1.85,2.46,,,681624.0,1,5,Bot,,,,,,,-1.8702103110772528,-142.13801179746633,-7.456958798123044,13.730816442180034,33.27247824878415,-15.007760771486232,3.53,1.58,,,,97.7,2170,6.4,778546,668670,690993,650402,628451,595879,682985,668952,622534,54.13,,,,,,,,43,1,Sinker,1,2,1,2,2,1,1,2,Standard,Standard,150,0.0,0.036,,,,-0.036,,-1,-1,0.412,0.412,28,30,29,31,3,2,,8.0,,1.0,1.24,0.98,0.98,49.2
76,SL,2025-03-27,91.9,1.74,6.36,"Ohtani, Shohei",660271,669373,single,hit_into_play,,,,,5,"Shohei Ohtani singles on a sharp ground ball to right fielder Manuel Margot, deflected by second baseman Gleyber Torres.",R,L,L,LAD,DET,X,4.0,ground_ball,2,2,2025,-0.37,0.2,0.13,2.27,,,,2,3,Bot,164.59,96.34,,,,,-3.271485248044867,-133.78767825170524,-4.972127331342747,-3.813825310775645,27.214280670623097,-28.93668506494666,3.4,1.62,54.0,109.0,0.0,92.0,2218,6.2,778546,668670,690993,650402,628451,595879,682985,668952,622534,54.3,0.517,0.468,0.9,1.0,1.0,0.0,4.0,22,5,Slider,1,0,1,0,0,1,1,0,Infield shade,Standard,181,0.012,0.37,79.5,7.8,0.551,-0.37,109.0,1,1,0.638,0.638,28,30,29,31,2,1,,8.0,,1.0,2.48,-0.37,-0.37,49.7
77,SI,2025-03-27,98.0,1.6,6.2,"Ohtani, Shohei",660271,669373,,foul,,,,,3,"Shohei Ohtani singles on a sharp ground ball to right fielder Manuel Margot, deflected by second baseman Gleyber Torres.",R,L,L,LAD,DET,S,,,2,1,2025,1.16,0.78,0.41,3.21,,,,2,3,Bot,,,,,,,-5.902068679829652,-142.63576055933063,-4.444288782168882,17.172718308206637,30.71873832970252,-20.65656221027212,3.4,1.62,191.0,64.9,40.0,98.3,2203,6.3,778546,668670,690993,650402,628451,595879,682985,668952,622534,54.18,,,,,,,,22,4,Sinker,1,0,1,0,0,1,1,0,Infield shade,Standard,150,0.0,-0.084,74.1,7.0,,0.084,88.0,1,1,0.638,0.638,28,30,29,31,2,1,,8.0,,1.0,1.58,1.16,1.16,48.2
78,FF,2025-03-27,99.1,1.3,6.41,"Ohtani, Shohei",660271,669373,,ball,,,,,11,"Shohei Ohtani singles on a sharp ground ball to right fielder Manuel Margot, deflected by second baseman Gleyber Torres.",R,L,L,LAD,DET,B,,,1,1,2025,0.27,1.41,-0.09,4.51,,,,2,3,Bot,,,,,,,-4.425152716579558,-144.38429094539728,-3.1397013156710543,4.767002374909342,30.625674644145448,-11.776066621472538,3.4,1.51,,,,99.6,2351,6.3,778546,668670,690993,650402,628451,595879,682985,668952,622534,54.21,,,,,,,,22,3,4-Seam Fastball,1,0,1,0,0,1,1,0,Infield shade,Standard,153,0.0,0.058,,,,-0.058,,1,1,0.638,0.638,28,30,29,31,2,1,,8.0,,1.0,0.88,0.27,0.27,53.0
79,CH,2025-03-27,90.3,1.57,6.24,"Ohtani, Shohei",660271,669373,,ball,,,,,13,"Shohei Ohtani singles on a sharp ground ball to right fielder Manuel Margot, deflected by second baseman Gleyber Torres.",R,L,L,LAD,DET,B,,,0,1,2025,1.32,0.2,-1.56,-0.66,,,,2,3,Bot,,,,,,,-10.566245752515018,-130.57353524893944,-11.498825311850268,17.466858325980425,31.14568983407235,-27.252445352559587,3.42,1.51,,,,89.6,1733,6.5,778546,668670,690993,650402,628451,595879,682985,668952,622534,54.0,,,,,,,,22,2,Changeup,1,0,1,0,0,1,1,0,Infield shade,Standard,131,0.0,0.029,,,,-0.029,,1,1,0.638,0.638,28,30,29,31,2,1,,8.0,,1.0,2.66,1.32,1.32,47.3
80,CH,2025-03-27,88.7,1.48,6.29,"Ohtani, Shohei",660271,669373,,called_strike,,,,,7,"Shohei Ohtani singles on a sharp ground ball to right fielder Manuel Margot, deflected by second baseman Gleyber Torres.",R,L,L,LAD,DET,S,,,0,0,2025,1.25,0.42,-0.37,1.96,,,,2,3,Bot,,,,,,,-7.126163647528477,-128.8642110448674,-5.3826688614255325,15.392564943582114,27.218645278757997,-26.495082840292216,3.46,1.56,,,,88.6,1722,6.3,778546,668670,690993,650402,628451,595879,682985,668952,622534,54.16,,,,,,,,22,1,Changeup,1,0,1,0,0,1,1,0,Infield shade,Standard,135,0.0,-0.041,,,,0.041,,1,1,0.638,0.638,28,30,29,31,2,1,,8.0,,1.0,2.49,1.25,1.25,49.3
81,SI,2025-03-27,95.8,-2.85,5.55,"Ohtani, Shohei",660271,669724,home_run,hit_into_play,,,,,4,Shohei Ohtani homers (2) on a fly ball to left field.,R,L,R,LAD,DET,X,,fly_ball,3,2,2025,-1.26,0.44,-0.37,2.81,,,,2,7,Bot,45.38,64.87,,,,,9.366905556605165,-139.22850490679744,-2.617644120645953,-18.443269534365776,29.368237216019413,-26.033070713686254,3.4,1.62,391.0,108.9,25.0,95.6,2022,6.1,778546,668670,690993,650402,628451,656716,681481,682985,622534,54.38,0.991,1.986,2.0,1.0,0.0,3.0,6.0,61,6,Sinker,4,3,4,3,3,5,5,3,Infield shade,Standard,249,0.114,2.525,74.8,7.3,3.887,-2.525,108.9,1,1,0.762,0.762,27,30,27,31,1,3,,8.0,4.0,1.0,2.04,1.26,-1.26,30.4
82,CH,2025-03-27,90.6,-2.73,5.51,"Ohtani, Shohei",660271,669724,,ball,,,,,14,Shohei Ohtani homers (2) on a fly ball to left field.,R,L,R,LAD,DET,B,,,2,2,2025,-1.42,0.22,0.54,0.34,,,,2,7,Bot,,,,,,,11.144807241800455,-131.33046020428029,-7.430191824182477,-18.702373675479684,25.529644177420177,-28.1984134397029,3.43,1.58,,,,90.4,1913,6.2,778546,668670,690993,650402,628451,656716,681481,682985,622534,54.3,,,,,,,,61,5,Changeup,4,3,4,3,3,4,4,3,Infield shade,Standard,255,0.0,0.106,,,,-0.106,,1,1,0.762,0.762,27,30,27,31,1,3,,8.0,4.0,1.0,2.56,1.42,-1.42,29.1
83,SL,2025-03-27,88.6,-2.89,5.59,"Ohtani, Shohei",660271,669724,,ball,,,,,11,Shohei Ohtani homers (2) on a fly ball to left field.,R,L,R,LAD,DET,B,,,1,2,2025,0.32,0.16,-2.02,2.7,,,,2,7,Bot,,,,,,,1.4495182121618346,-129.24116228006204,-1.4411278833218906,3.3497450948794025,22.14909613844199,-30.3369043356528,3.45,1.62,,,,88.9,2091,5.9,778546,668670,690993,650402,628451,656716,681481,682985,622534,54.55,,,,,,,,61,4,Slider,4,3,4,3,3,4,4,3,Infield shade,Standard,159,0.0,0.039,,,,-0.039,,1,1,0.762,0.762,27,30,27,31,1,3,,8.0,4.0,1.0,2.69,-0.32,0.32,35.0
84,SI,2025-03-27,95.8,-2.72,5.58,"Ohtani, Shohei",660271,669724,,foul,,,,,5,Shohei Ohtani homers (2) on a fly ball to left field.,R,L,R,LAD,DET,S,,,1,1,2025,-1.57,0.4,-0.1,2.59,,,,2,7,Bot,,,,,,,10.41613336511936,-139.19198199220884,-3.1631009497246128,-22.72213812406479,30.60658925635058,-26.506270913767924,3.4,1.62,,,,95.4,2127,6.1,778546,668670,690993,650402,628451,656716,681481,682985,622534,54.41,,,,,,,,61,3,Sinker,4,3,4,3,3,4,4,3,Infield shade,Standard,243,0.0,-0.064,80.8,7.5,,0.064,,1,1,0.762,0.762,27,30,27,31,1,3,,8.0,4.0,1.0,2.09,1.57,-1.57,34.7
85,SI,2025-03-27,96.0,-2.72,5.63,"Ohtani, Shohei",660271,669724,,ball,,,,,11,Shohei Ohtani homers (2) on a fly ball to left field.,R,L,R,LAD,DET,B,,,0,1,2025,-1.35,0.26,-1.0,3.38,,,,2,7,Bot,,,,,,,7.5679958307375506,-139.67327616849974,-0.9465904919341744,-19.361064614569795,31.32358081538936,-28.810863255823485,3.43,1.6,,,,95.7,2104,6.1,778546,668670,690993,650402,628451,656716,681481,682985,622534,54.38,,,,,,,,61,2,Sinker,4,3,4,3,3,4,4,3,Infield shade,Standard,242,0.0,0.029,,,,-0.029,,1,1,0.762,0.762,27,30,27,31,1,3,,8.0,4.0,1.0,2.22,1.35,-1.35,33.1
86,SI,2025-03-27,95.6,-2.64,5.63,"Ohtani, Shohei",660271,669724,,called_strike,,,,,3,Shohei Ohtani homers (2) on a fly ball to left field.,R,L,R,LAD,DET,S,,,0,0,2025,-1.56,0.35,0.61,2.93,,,,2,7,Bot,,,,,,,12.007484626176712,-138.8811911102692,-2.3290407192780966,-22.77934180588928,27.577988090840368,-27.31889205556833,3.43,1.6,,,,95.5,2106,6.1,778546,668670,690993,650402,628451,656716,681481,682985,622534,54.42,,,,,,,,61,1,Sinker,4,3,4,3,3,4,4,3,Infield shade,Standard,240,0.0,-0.041,,,,0.041,,1,1,0.762,0.762,27,30,27,31,1,3,,8.0,4.0,1.0,2.13,1.56,-1.56,30.5
87,FF,2025-03-27,98.0,1.18,6.41,"Ohtani, Shohei",660271,669373,field_out,hit_into_play,,,,,5,Shohei Ohtani grounds out sharply to first baseman Colt Keith.,R,L,L,LAD,DET,X,3.0,ground_ball,0,0,2025,0.43,1.33,-0.09,2.59,,,,0,1,Bot,164.3,163.55,,,,,-4.43615996139653,-142.65181450407687,-7.996810985624894,6.839055112447354,28.24991353930423,-12.456886099686177,3.4,1.62,4.0,109.6,-34.0,99.0,2230,6.5,778546,668670,690993,650402,628451,595879,682985,668952,622534,54.0,0.117,0.119,0.0,1.0,0.0,0.0,2.0,4,1,4-Seam Fastball,0,0,0,0,0,0,0,0,Infield shade,Standard,157,-0.021,-0.254,78.9,8.2,0.147,0.254,109.6,0,0,0.547,0.547,28,30,29,31,1,0,,8.0,,1.0,1.02,0.43,0.43,59.2
